{"cameraMode":{"drawMode":0,"name":"Shaded","section":"Shading Mode"},"sceneLighting":true,"audioPlay":false,"sceneViewState":{"showFog":true,"showMaterialUpdate":false,"showSkybox":true,"showFlares":true,"showImageEffects":true,"showParticleSystems":true},"in2DMode":false,"pivot":{"x":-5.232352256774902,"y":146.65811157226563,"z":-12.623031616210938},"rotation":{"x":-0.41167283058166506,"y":0.054626986384391788,"z":0.024730509147047998,"w":0.909359872341156},"size":511.86322021484377,"orthographic":false}